HDI_Rank_2018,Country,HDI_2000,HDI_2010,HDI_2018
170,Afghanistan,0.345,0.464,0.496
69,Albania,0.667,0.74,0.791
82,Algeria,0.646,0.73,0.759
36,Andorra,0.759,0.828,0.857
149,Angola,0.394,0.51,0.574
74,Antigua and Barbuda,..,0.772,0.776
48,Argentina,0.77,0.818,0.83
81,Armenia,0.649,0.729,0.76
6,Australia,0.898,0.926,0.938
20,Austria,0.838,0.895,0.914
87,Azerbaijan,0.641,0.732,0.754
60,Bahamas,0.787,0.795,0.805
45,Bahrain,0.792,0.796,0.838
135,Bangladesh,0.47,0.549,0.614
56,Barbados,0.771,0.799,0.813
50,Belarus,0.682,0.792,0.817
17,Belgium,0.873,0.903,0.919
103,Belize,0.643,0.693,0.72
163,Benin,0.398,0.473,0.52
134,Bhutan,..,0.571,0.617
114,Bolivia (Plurinational State of),0.616,0.656,0.703
75,Bosnia and Herzegovina,0.669,0.714,0.769
94,Botswana,0.578,0.66,0.728
79,Brazil,0.684,0.726,0.761
43,Brunei Darussalam,0.805,0.832,0.845
52,Bulgaria,0.712,0.779,0.816
182,Burkina Faso,0.286,0.375,0.434
185,Burundi,0.293,0.402,0.423
126,Cabo Verde,0.564,0.626,0.651
146,Cambodia,0.419,0.535,0.581
150,Cameroon,0.439,0.471,0.563
13,Canada,0.868,0.895,0.922
188,Central African Republic,0.307,0.355,0.381
187,Chad,0.298,0.374,0.401
42,Chile,0.753,0.8,0.847
85,China,0.591,0.702,0.758
79,Colombia,0.662,0.729,0.761
156,Comoros,0.457,0.513,0.538
138,Congo,0.495,0.557,0.609
179,Congo (Democratic Republic of the),0.333,0.416,0.459
68,Costa Rica,0.711,0.754,0.794
46,Croatia,0.749,0.811,0.837
72,Cuba,0.686,0.776,0.778
31,Cyprus,0.799,0.85,0.873
26,Czechia,0.796,0.862,0.891
165,CÃ´te d'Ivoire,0.407,0.454,0.516
11,Denmark,0.863,0.91,0.93
171,Djibouti,0.361,0.446,0.495
98,Dominica,0.694,0.733,0.724
89,Dominican Republic,0.653,0.701,0.745
85,Ecuador,0.669,0.716,0.758
116,Egypt,0.611,0.666,0.7
124,El Salvador,0.608,0.659,0.667
144,Equatorial Guinea,0.52,0.58,0.588
182,Eritrea,..,0.433,0.434
30,Estonia,0.78,0.844,0.882
138,Eswatini (Kingdom of),0.468,0.513,0.608
173,Ethiopia,0.283,0.412,0.47
98,Fiji,0.675,0.694,0.724
12,Finland,0.858,0.903,0.925
26,France,0.842,0.872,0.891
115,Gabon,0.627,0.658,0.702
174,Gambia,0.382,0.437,0.466
70,Georgia,0.669,0.732,0.786
4,Germany,0.869,0.92,0.939
142,Ghana,0.483,0.554,0.596
32,Greece,0.796,0.857,0.872
78,Grenada,..,0.743,0.763
126,Guatemala,0.546,0.602,0.651
174,Guinea,0.335,0.408,0.466
178,Guinea-Bissau,..,0.426,0.461
123,Guyana,0.606,0.639,0.67
169,Haiti,0.44,0.467,0.503
132,Honduras,0.555,0.598,0.623
4,"Hong Kong, China (SAR)",0.827,0.901,0.939
43,Hungary,0.769,0.826,0.845
6,Iceland,0.861,0.892,0.938
129,India,0.497,0.581,0.647
111,Indonesia,0.604,0.666,0.707
65,Iran (Islamic Republic of),0.671,0.756,0.797
120,Iraq,0.608,0.652,0.689
3,Ireland,0.857,0.89,0.942
22,Israel,0.853,0.887,0.906
29,Italy,0.83,0.871,0.883
96,Jamaica,0.669,0.723,0.726
19,Japan,0.855,0.885,0.915
102,Jordan,0.702,0.728,0.723
50,Kazakhstan,0.685,0.764,0.817
147,Kenya,0.446,0.533,0.579
132,Kiribati,0.564,0.589,0.623
22,Korea (Republic of),0.817,0.882,0.906
57,Kuwait,0.786,0.794,0.808
122,Kyrgyzstan,0.594,0.636,0.674
140,Lao People's Democratic Republic,0.466,0.546,0.604
39,Latvia,0.728,0.817,0.854
93,Lebanon,..,0.751,0.73
164,Lesotho,0.444,0.461,0.518
176,Liberia,0.422,0.441,0.465
110,Libya,0.728,0.757,0.708
18,Liechtenstein,0.862,0.904,0.917
34,Lithuania,0.755,0.824,0.869
21,Luxembourg,0.86,0.893,0.909
162,Madagascar,0.456,0.504,0.521
172,Malawi,0.362,0.437,0.485
61,Malaysia,0.724,0.773,0.804
104,Maldives,0.61,0.669,0.719
184,Mali,0.308,0.403,0.427
28,Malta,0.787,0.847,0.885
117,Marshall Islands,..,..,0.698
161,Mauritania,0.446,0.49,0.527
66,Mauritius,0.674,0.748,0.796
76,Mexico,0.705,0.739,0.767
135,Micronesia (Federated States of),0.541,0.595,0.614
107,Moldova (Republic of),0.609,0.681,0.711
92,Mongolia,0.589,0.697,0.735
52,Montenegro,..,0.793,0.816
121,Morocco,0.531,0.618,0.676
180,Mozambique,0.301,0.396,0.446
145,Myanmar,0.424,0.523,0.584
130,Namibia,0.543,0.588,0.645
147,Nepal,0.446,0.527,0.579
10,Netherlands,0.876,0.911,0.934
14,New Zealand,0.87,0.899,0.921
126,Nicaragua,0.568,0.614,0.651
189,Niger,0.253,0.319,0.377
158,Nigeria,..,0.484,0.534
82,North Macedonia,0.669,0.735,0.759
1,Norway,0.917,0.942,0.954
47,Oman,0.704,0.793,0.834
152,Pakistan,0.449,0.524,0.56
55,Palau,0.736,0.776,0.814
119,"Palestine, State of",..,0.671,0.69
67,Panama,0.719,0.758,0.795
155,Papua New Guinea,0.436,0.51,0.543
98,Paraguay,0.64,0.692,0.724
82,Peru,0.679,0.721,0.759
106,Philippines,0.631,0.672,0.712
32,Poland,0.785,0.835,0.872
40,Portugal,0.785,0.822,0.85
41,Qatar,0.816,0.834,0.848
52,Romania,0.709,0.797,0.816
49,Russian Federation,0.721,0.78,0.824
157,Rwanda,0.337,0.488,0.536
73,Saint Kitts and Nevis,..,0.747,0.777
89,Saint Lucia,0.694,0.73,0.745
94,Saint Vincent and the Grenadines,0.674,0.711,0.728
111,Samoa,0.638,0.69,0.707
137,Sao Tome and Principe,0.48,0.546,0.609
36,Saudi Arabia,0.744,0.81,0.857
166,Senegal,0.39,0.468,0.514
63,Serbia,0.71,0.762,0.799
62,Seychelles,0.712,0.762,0.801
181,Sierra Leone,0.298,0.391,0.438
9,Singapore,0.818,0.909,0.935
36,Slovakia,0.763,0.829,0.857
24,Slovenia,0.824,0.881,0.902
153,Solomon Islands,0.476,0.524,0.557
113,South Africa,0.629,0.662,0.705
186,South Sudan,..,0.425,0.413
25,Spain,0.825,0.865,0.893
71,Sri Lanka,0.687,0.75,0.78
168,Sudan,0.403,0.471,0.508
98,Suriname,..,0.701,0.724
8,Sweden,0.897,0.906,0.937
2,Switzerland,0.889,0.932,0.946
154,Syrian Arab Republic,0.59,0.644,0.549
125,Tajikistan,0.538,0.63,0.656
159,Tanzania (United Republic of),0.395,0.487,0.528
77,Thailand,0.649,0.721,0.765
131,Timor-Leste,0.505,0.62,0.626
167,Togo,0.426,0.468,0.513
105,Tonga,0.666,0.692,0.717
63,Trinidad and Tobago,0.721,0.788,0.799
91,Tunisia,0.653,0.717,0.739
59,Turkey,0.655,0.743,0.807
108,Turkmenistan,..,0.673,0.71
159,Uganda,0.395,0.489,0.528
88,Ukraine,0.671,0.732,0.75
35,United Arab Emirates,0.782,0.821,0.866
15,United Kingdom,0.867,0.905,0.92
15,United States,0.881,0.911,0.92
57,Uruguay,0.742,0.774,0.808
108,Uzbekistan,0.596,0.665,0.71
141,Vanuatu,..,0.585,0.597
96,Venezuela (Bolivarian Republic of),0.672,0.753,0.726
118,Viet Nam,0.578,0.653,0.693
177,Yemen,0.432,0.499,0.463
143,Zambia,0.428,0.531,0.591
150,Zimbabwe,0.452,0.472,0.563
,Human Development,..,..,..
 ,Very high human development,0.823,0.866,0.892
 ,High human development,0.63,0.706,0.75
 ,Medium human development,0.497,0.575,0.634
 ,Low human development,0.386,0.473,0.507
 ,Developing Countries,0.571,0.642,0.686
,Regions,..,..,..
 ,Arab States,0.613,0.676,0.703
 ,East Asia and the Pacific,0.597,0.691,0.741
 ,Europe and Central Asia,0.667,0.735,0.779
 ,Latin America and the Caribbean,0.687,0.731,0.759
 ,South Asia,0.505,0.585,0.642
 ,Sub-Saharan Africa,0.423,0.498,0.541
 ,Least Developed Countries,0.399,0.485,0.528
 ,Small Island Developing States,0.642,0.702,0.723
 ,Organization for Economic Co-operation and Development,0.834,0.873,0.895
 ,World,0.641,0.697,0.731